#T,max_R_bbc,max_R_bbc_CI_lo,max_R_bbc_CI_hi,max_AIS_bbc,max_AIS_bbc_CI_lo,max_AIS_bbc_CI_hi,number_of_bins_d_bbc,scaling_k_bbc,first_bin_size_bbc,max_R_shuffling,max_R_shuffling_CI_lo,max_R_shuffling_CI_hi,max_AIS_shuffling,max_AIS_shuffling_CI_lo,max_AIS_shuffling_CI_hi,number_of_bins_d_shuffling,scaling_k_shuffling,first_bin_size_shuffling
0.00500,0.00619,0.00619,0.00619,0.00186,0.00186,0.00186,5.00000,0.00000,0.00100,-,-,-,-,-,-,-,-,-
0.00561,0.00648,0.00648,0.00648,0.00194,0.00194,0.00194,5.00000,0.00000,0.00112,-,-,-,-,-,-,-,-,-
0.00629,0.00691,0.00691,0.00691,0.00207,0.00207,0.00207,5.00000,0.00000,0.00126,-,-,-,-,-,-,-,-,-
0.00706,0.00715,0.00715,0.00715,0.00214,0.00214,0.00214,5.00000,0.00000,0.00141,-,-,-,-,-,-,-,-,-
0.00792,0.00707,0.00707,0.00707,0.00212,0.00212,0.00212,5.00000,0.00000,0.00158,-,-,-,-,-,-,-,-,-
0.00889,0.00696,0.00696,0.00696,0.00208,0.00208,0.00208,5.00000,0.00000,0.00178,-,-,-,-,-,-,-,-,-
0.00998,0.00716,0.00716,0.00716,0.00214,0.00214,0.00214,5.00000,0.00000,0.00200,-,-,-,-,-,-,-,-,-
0.01119,0.00753,0.00753,0.00753,0.00226,0.00226,0.00226,5.00000,0.00000,0.00224,-,-,-,-,-,-,-,-,-
0.01256,0.00787,0.00787,0.00787,0.00236,0.00236,0.00236,5.00000,0.00000,0.00251,-,-,-,-,-,-,-,-,-
0.01409,0.00740,0.00740,0.00740,0.00222,0.00222,0.00222,5.00000,0.00000,0.00282,-,-,-,-,-,-,-,-,-
0.01581,0.00786,0.00786,0.00786,0.00235,0.00235,0.00235,5.00000,0.00000,0.00316,-,-,-,-,-,-,-,-,-
0.01774,0.00808,0.00808,0.00808,0.00242,0.00242,0.00242,5.00000,0.00000,0.00355,-,-,-,-,-,-,-,-,-
0.01991,0.00784,0.00784,0.00784,0.00235,0.00235,0.00235,5.00000,0.00000,0.00398,-,-,-,-,-,-,-,-,-
0.02233,0.00848,0.00848,0.00848,0.00254,0.00254,0.00254,5.00000,0.00000,0.00447,-,-,-,-,-,-,-,-,-
0.02506,0.00815,0.00815,0.00815,0.00244,0.00244,0.00244,5.00000,0.00000,0.00501,-,-,-,-,-,-,-,-,-
0.02812,0.00852,0.00852,0.00852,0.00255,0.00255,0.00255,5.00000,0.02483,0.00500,-,-,-,-,-,-,-,-,-
0.03155,0.00883,0.00883,0.00883,0.00265,0.00265,0.00265,5.00000,0.01197,0.00597,-,-,-,-,-,-,-,-,-
0.03540,0.00903,0.00903,0.00903,0.00271,0.00271,0.00271,5.00000,0.06993,0.00500,-,-,-,-,-,-,-,-,-
0.03972,0.00867,0.00867,0.00867,0.00260,0.00260,0.00260,5.00000,0.09107,0.00500,-,-,-,-,-,-,-,-,-
0.04456,0.00863,0.00863,0.00863,0.00259,0.00259,0.00259,5.00000,0.11141,0.00500,-,-,-,-,-,-,-,-,-
0.05000,0.00888,0.00888,0.00888,0.00266,0.00266,0.00266,5.00000,0.13110,0.00500,-,-,-,-,-,-,-,-,-
0.05610,0.00913,0.00913,0.00913,0.00274,0.00274,0.00274,5.00000,0.15019,0.00500,-,-,-,-,-,-,-,-,-
0.06295,0.00918,0.00918,0.00918,0.00275,0.00275,0.00275,5.00000,0.15000,0.00562,-,-,-,-,-,-,-,-,-
0.06441,0.00849,0.00849,0.00849,0.00254,0.00254,0.00254,5.00000,0.11493,0.00708,-,-,-,-,-,-,-,-,-
0.06591,0.00882,0.00882,0.00882,0.00264,0.00264,0.00264,5.00000,0.17603,0.00500,-,-,-,-,-,-,-,-,-
0.06745,0.00935,0.00935,0.00935,0.00280,0.00280,0.00280,5.00000,0.15969,0.00567,-,-,-,-,-,-,-,-,-
0.06902,0.00866,0.00866,0.00866,0.00260,0.00260,0.00260,5.00000,0.16289,0.00569,-,-,-,-,-,-,-,-,-
0.07063,0.00889,0.00889,0.00889,0.00267,0.00267,0.00267,5.00000,0.18684,0.00500,-,-,-,-,-,-,-,-,-
0.07227,0.00923,0.00923,0.00923,0.00277,0.00277,0.00277,5.00000,0.19039,0.00500,-,-,-,-,-,-,-,-,-
0.07396,0.00871,0.00871,0.00871,0.00261,0.00261,0.00261,5.00000,0.19395,0.00500,-,-,-,-,-,-,-,-,-
0.07568,0.00901,0.00901,0.00901,0.00270,0.00270,0.00270,5.00000,0.19748,0.00500,-,-,-,-,-,-,-,-,-
0.07744,0.00938,0.00938,0.00938,0.00281,0.00281,0.00281,5.00000,0.20099,0.00500,-,-,-,-,-,-,-,-,-
0.07924,0.00869,0.00869,0.00869,0.00260,0.00260,0.00260,5.00000,0.15905,0.00669,-,-,-,-,-,-,-,-,-
0.08109,0.00889,0.00889,0.00889,0.00266,0.00266,0.00266,5.00000,0.20798,0.00500,-,-,-,-,-,-,-,-,-
0.08298,0.00930,0.00930,0.00930,0.00279,0.00279,0.00279,5.00000,0.18796,0.00583,-,-,-,-,-,-,-,-,-
0.08491,0.00875,0.00875,0.00875,0.00262,0.00262,0.00262,5.00000,0.21491,0.00500,-,-,-,-,-,-,-,-,-
0.08689,0.00918,0.00918,0.00918,0.00275,0.00275,0.00275,5.00000,0.21836,0.00500,-,-,-,-,-,-,-,-,-
0.08891,0.00883,0.00883,0.00883,0.00265,0.00265,0.00265,5.00000,0.19714,0.00589,-,-,-,-,-,-,-,-,-
0.09099,0.00921,0.00921,0.00921,0.00276,0.00276,0.00276,5.00000,0.22521,0.00500,-,-,-,-,-,-,-,-,-
0.09310,0.00934,0.00934,0.00934,0.00280,0.00280,0.00280,5.00000,0.20320,0.00592,-,-,-,-,-,-,-,-,-
0.09527,0.00905,0.00905,0.00905,0.00271,0.00271,0.00271,5.00000,0.23199,0.00500,-,-,-,-,-,-,-,-,-
0.09749,0.00958,0.00865,0.01052,0.00287,0.00259,0.00315,5.00000,0.23537,0.00500,-,-,-,-,-,-,-,-,-
0.09976,0.00883,0.00883,0.00883,0.00265,0.00265,0.00265,5.00000,0.23873,0.00500,-,-,-,-,-,-,-,-,-
0.10209,0.00940,0.00940,0.00940,0.00282,0.00282,0.00282,5.00000,0.24210,0.00500,-,-,-,-,-,-,-,-,-
0.10446,0.00852,0.00852,0.00852,0.00255,0.00255,0.00255,5.00000,0.24543,0.00500,-,-,-,-,-,-,-,-,-
0.10690,0.00928,0.00928,0.00928,0.00278,0.00278,0.00278,5.00000,0.24876,0.00500,-,-,-,-,-,-,-,-,-
0.10939,0.00851,0.00851,0.00851,0.00255,0.00255,0.00255,5.00000,0.22407,0.00606,-,-,-,-,-,-,-,-,-
0.11194,0.00936,0.00936,0.00936,0.00281,0.00281,0.00281,5.00000,0.25539,0.00500,-,-,-,-,-,-,-,-,-
0.11454,0.00857,0.00857,0.00857,0.00257,0.00257,0.00257,5.00000,0.25868,0.00500,-,-,-,-,-,-,-,-,-
0.11721,0.00923,0.00923,0.00923,0.00277,0.00277,0.00277,5.00000,0.26196,0.00500,-,-,-,-,-,-,-,-,-
0.11994,0.00874,0.00874,0.00874,0.00262,0.00262,0.00262,5.00000,0.26524,0.00500,-,-,-,-,-,-,-,-,-
0.12274,0.00905,0.00905,0.00905,0.00271,0.00271,0.00271,5.00000,0.26851,0.00500,-,-,-,-,-,-,-,-,-
0.12559,0.00888,0.00888,0.00888,0.00266,0.00266,0.00266,5.00000,0.27175,0.00500,-,-,-,-,-,-,-,-,-
0.12852,0.00898,0.00898,0.00898,0.00269,0.00269,0.00269,5.00000,0.24444,0.00619,-,-,-,-,-,-,-,-,-
0.13151,0.00899,0.00899,0.00899,0.00270,0.00270,0.00270,5.00000,0.27823,0.00500,-,-,-,-,-,-,-,-,-
0.13458,0.00849,0.00849,0.00849,0.00254,0.00254,0.00254,5.00000,0.28146,0.00500,-,-,-,-,-,-,-,-,-
0.13771,0.00922,0.00922,0.00922,0.00276,0.00276,0.00276,5.00000,0.28467,0.00500,-,-,-,-,-,-,-,-,-
0.14092,0.00913,0.00913,0.00913,0.00274,0.00274,0.00274,5.00000,0.28787,0.00500,-,-,-,-,-,-,-,-,-
0.14420,0.00850,0.00850,0.00850,0.00255,0.00255,0.00255,5.00000,0.29107,0.00500,-,-,-,-,-,-,-,-,-
0.14756,0.00956,0.00956,0.00956,0.00286,0.00286,0.00286,5.00000,0.29425,0.00500,-,-,-,-,-,-,-,-,-
0.15100,0.00898,0.00898,0.00898,0.00269,0.00269,0.00269,5.00000,0.29743,0.00500,-,-,-,-,-,-,-,-,-
0.15451,0.00837,0.00837,0.00837,0.00251,0.00251,0.00251,5.00000,0.26720,0.00635,-,-,-,-,-,-,-,-,-
0.15811,0.00904,0.00904,0.00904,0.00271,0.00271,0.00271,5.00000,0.30376,0.00500,-,-,-,-,-,-,-,-,-
0.16180,0.00918,0.00918,0.00918,0.00275,0.00275,0.00275,5.00000,0.30691,0.00500,-,-,-,-,-,-,-,-,-
0.16557,0.00889,0.00889,0.00889,0.00266,0.00266,0.00266,5.00000,0.31006,0.00500,-,-,-,-,-,-,-,-,-
0.16942,0.00843,0.00843,0.00843,0.00252,0.00252,0.00252,5.00000,0.27839,0.00643,-,-,-,-,-,-,-,-,-
0.17337,0.00866,0.00866,0.00866,0.00260,0.00260,0.00260,5.00000,0.31632,0.00500,-,-,-,-,-,-,-,-,-
0.17741,0.00931,0.00931,0.00931,0.00279,0.00279,0.00279,5.00000,0.31944,0.00500,-,-,-,-,-,-,-,-,-
0.18154,0.00900,0.00900,0.00900,0.00270,0.00270,0.00270,5.00000,0.32255,0.00500,-,-,-,-,-,-,-,-,-
0.18577,0.00907,0.00907,0.00907,0.00272,0.00272,0.00272,5.00000,0.32566,0.00500,-,-,-,-,-,-,-,-,-
0.19009,0.00891,0.00891,0.00891,0.00267,0.00267,0.00267,5.00000,0.32875,0.00500,-,-,-,-,-,-,-,-,-
0.19452,0.00854,0.00854,0.00854,0.00256,0.00256,0.00256,5.00000,0.33184,0.00500,-,-,-,-,-,-,-,-,-
0.19905,0.00855,0.00855,0.00855,0.00256,0.00256,0.00256,5.00000,0.33492,0.00500,-,-,-,-,-,-,-,-,-
0.20369,0.00872,0.00872,0.00872,0.00261,0.00261,0.00261,5.00000,0.33800,0.00500,-,-,-,-,-,-,-,-,-
0.20843,0.00874,0.00874,0.00874,0.00262,0.00262,0.00262,5.00000,0.34106,0.00500,-,-,-,-,-,-,-,-,-
0.21329,0.00873,0.00873,0.00873,0.00262,0.00262,0.00262,5.00000,0.34413,0.00500,-,-,-,-,-,-,-,-,-
0.21826,0.00867,0.00867,0.00867,0.00260,0.00260,0.00260,5.00000,0.34719,0.00500,-,-,-,-,-,-,-,-,-
0.22334,0.00857,0.00857,0.00857,0.00257,0.00257,0.00257,5.00000,0.35023,0.00500,-,-,-,-,-,-,-,-,-
0.25059,0.00844,0.00844,0.00844,0.00253,0.00253,0.00253,5.00000,0.36538,0.00500,-,-,-,-,-,-,-,-,-
0.28117,0.00866,0.00866,0.00866,0.00259,0.00259,0.00259,5.00000,0.38038,0.00500,-,-,-,-,-,-,-,-,-
0.31548,0.00866,0.00866,0.00866,0.00259,0.00259,0.00259,5.00000,0.39524,0.00500,-,-,-,-,-,-,-,-,-
0.35397,0.00824,0.00824,0.00824,0.00247,0.00247,0.00247,5.00000,0.36442,0.00711,-,-,-,-,-,-,-,-,-
0.39716,0.00893,0.00893,0.00893,0.00267,0.00267,0.00267,5.00000,0.42458,0.00500,-,-,-,-,-,-,-,-,-
0.44563,0.00858,0.00858,0.00858,0.00257,0.00257,0.00257,5.00000,0.43909,0.00500,-,-,-,-,-,-,-,-,-
0.50000,0.00853,0.00853,0.00853,0.00256,0.00256,0.00256,5.00000,0.45349,0.00500,-,-,-,-,-,-,-,-,-
0.56101,0.00843,0.00843,0.00843,0.00253,0.00253,0.00253,5.00000,0.46779,0.00500,-,-,-,-,-,-,-,-,-
0.62946,0.00802,0.00802,0.00802,0.00240,0.00240,0.00240,5.00000,0.48201,0.00500,-,-,-,-,-,-,-,-,-
0.70627,0.00840,0.00840,0.00840,0.00252,0.00252,0.00252,5.00000,0.49614,0.00500,-,-,-,-,-,-,-,-,-
0.79245,0.00848,0.00848,0.00848,0.00254,0.00254,0.00254,5.00000,0.51019,0.00500,-,-,-,-,-,-,-,-,-
0.88914,0.00811,0.00811,0.00811,0.00243,0.00243,0.00243,5.00000,0.52417,0.00500,-,-,-,-,-,-,-,-,-
0.99763,0.00877,0.00877,0.00877,0.00263,0.00263,0.00263,5.00000,0.53809,0.00500,-,-,-,-,-,-,-,-,-
1.11936,0.00816,0.00816,0.00816,0.00245,0.00245,0.00245,5.00000,0.55193,0.00500,-,-,-,-,-,-,-,-,-
1.25594,0.00868,0.00868,0.00868,0.00260,0.00260,0.00260,5.00000,0.56572,0.00500,-,-,-,-,-,-,-,-,-
1.40919,0.00808,0.00808,0.00808,0.00242,0.00242,0.00242,5.00000,0.57945,0.00500,-,-,-,-,-,-,-,-,-
1.58114,0.00849,0.00849,0.00849,0.00254,0.00254,0.00254,5.00000,0.59313,0.00500,-,-,-,-,-,-,-,-,-
1.77407,0.00782,0.00782,0.00782,0.00234,0.00234,0.00234,5.00000,0.60675,0.00500,-,-,-,-,-,-,-,-,-
1.99054,0.00816,0.00816,0.00816,0.00244,0.00244,0.00244,5.00000,0.62033,0.00500,-,-,-,-,-,-,-,-,-
2.23342,0.00799,0.00799,0.00799,0.00240,0.00240,0.00240,5.00000,0.63387,0.00500,-,-,-,-,-,-,-,-,-
2.50594,0.00821,0.00821,0.00821,0.00246,0.00246,0.00246,5.00000,0.64735,0.00500,-,-,-,-,-,-,-,-,-
2.81171,0.00852,0.00852,0.00852,0.00255,0.00255,0.00255,5.00000,0.66080,0.00500,-,-,-,-,-,-,-,-,-
3.15479,0.00819,0.00819,0.00819,0.00245,0.00245,0.00245,5.00000,0.67421,0.00500,-,-,-,-,-,-,-,-,-
3.53973,0.00821,0.00821,0.00821,0.00246,0.00246,0.00246,5.00000,0.61119,0.00961,-,-,-,-,-,-,-,-,-
3.97164,0.00837,0.00837,0.00837,0.00251,0.00251,0.00251,5.00000,0.70093,0.00500,-,-,-,-,-,-,-,-,-
4.45625,0.00819,0.00819,0.00819,0.00245,0.00245,0.00245,5.00000,0.71423,0.00500,-,-,-,-,-,-,-,-,-
5.00000,0.00816,0.00816,0.00816,0.00245,0.00245,0.00245,5.00000,0.72751,0.00500,-,-,-,-,-,-,-,-,-
